slug,path,selected,eligible,decision,reason,marker_yaml,marker_doc,category,git_status
01-website-brand,/run/media/cash/WD_BLACK_4TB/Cole/Projects/01-website-brand,false,true,candidate_not_selected,"Clean candidate, but not selected for this embed plan.",/run/media/cash/WD_BLACK_4TB/Cole/Projects/01-website-brand/.project-forge.yml,/run/media/cash/WD_BLACK_4TB/Cole/Projects/01-website-brand/docs/PROJECT_FORGE.md,clean_candidate,clean
archived-notevil-neon-district,/run/media/cash/WD_BLACK_4TB/Cole/Projects/ARCHIVED-NotEvil-neon-district,true,false,already_embedded,Project Forge marker already present.,/run/media/cash/WD_BLACK_4TB/Cole/Projects/ARCHIVED-NotEvil-neon-district/.project-forge.yml,/run/media/cash/WD_BLACK_4TB/Cole/Projects/ARCHIVED-NotEvil-neon-district/docs/PROJECT_FORGE.md,known_embedded,clean
argus,/run/media/cash/WD_BLACK_4TB/Cole/Projects/Argus,false,true,candidate_not_selected,"Clean candidate, but not selected for this embed plan.",/run/media/cash/WD_BLACK_4TB/Cole/Projects/Argus/.project-forge.yml,/run/media/cash/WD_BLACK_4TB/Cole/Projects/Argus/docs/PROJECT_FORGE.md,clean_candidate,clean
cerberus,/run/media/cash/WD_BLACK_4TB/Cole/Projects/Cerberus,false,true,candidate_not_selected,"Clean candidate, but not selected for this embed plan.",/run/media/cash/WD_BLACK_4TB/Cole/Projects/Cerberus/.project-forge.yml,/run/media/cash/WD_BLACK_4TB/Cole/Projects/Cerberus/docs/PROJECT_FORGE.md,clean_candidate,clean
commandboard,/run/media/cash/WD_BLACK_4TB/Cole/Projects/CommandBoard,false,true,candidate_not_selected,"Clean candidate, but not selected for this embed plan.",/run/media/cash/WD_BLACK_4TB/Cole/Projects/CommandBoard/.project-forge.yml,/run/media/cash/WD_BLACK_4TB/Cole/Projects/CommandBoard/docs/PROJECT_FORGE.md,clean_candidate,clean
corecivic-ops,/run/media/cash/WD_BLACK_4TB/Cole/Projects/CoreCivic-Ops,false,true,candidate_not_selected,"Clean candidate, but not selected for this embed plan.",/run/media/cash/WD_BLACK_4TB/Cole/Projects/CoreCivic-Ops/.project-forge.yml,/run/media/cash/WD_BLACK_4TB/Cole/Projects/CoreCivic-Ops/docs/PROJECT_FORGE.md,clean_candidate,clean
creeperbot5000,/run/media/cash/WD_BLACK_4TB/Cole/Projects/CreeperBot5000,false,true,candidate_not_selected,"Clean candidate, but not selected for this embed plan.",/run/media/cash/WD_BLACK_4TB/Cole/Projects/CreeperBot5000/.project-forge.yml,/run/media/cash/WD_BLACK_4TB/Cole/Projects/CreeperBot5000/docs/PROJECT_FORGE.md,clean_candidate,clean
dj_request_system,/run/media/cash/WD_BLACK_4TB/Cole/Projects/DJ_request_system,false,true,candidate_not_selected,"Clean candidate, but not selected for this embed plan.",/run/media/cash/WD_BLACK_4TB/Cole/Projects/DJ_request_system/.project-forge.yml,/run/media/cash/WD_BLACK_4TB/Cole/Projects/DJ_request_system/docs/PROJECT_FORGE.md,clean_candidate,clean
endgame-consultation,/run/media/cash/WD_BLACK_4TB/Cole/Projects/Endgame-Consultation,false,true,candidate_not_selected,"Clean candidate, but not selected for this embed plan.",/run/media/cash/WD_BLACK_4TB/Cole/Projects/Endgame-Consultation/.project-forge.yml,/run/media/cash/WD_BLACK_4TB/Cole/Projects/Endgame-Consultation/docs/PROJECT_FORGE.md,clean_candidate,clean
ig-detective,/run/media/cash/WD_BLACK_4TB/Cole/Projects/IG-Detective,false,true,candidate_not_selected,"Clean candidate, but not selected for this embed plan.",/run/media/cash/WD_BLACK_4TB/Cole/Projects/IG-Detective/.project-forge.yml,/run/media/cash/WD_BLACK_4TB/Cole/Projects/IG-Detective/docs/PROJECT_FORGE.md,clean_candidate,clean
mygirlgpt,/run/media/cash/WD_BLACK_4TB/Cole/Projects/MyGirlGPT,false,true,candidate_not_selected,"Clean candidate, but not selected for this embed plan.",/run/media/cash/WD_BLACK_4TB/Cole/Projects/MyGirlGPT/.project-forge.yml,/run/media/cash/WD_BLACK_4TB/Cole/Projects/MyGirlGPT/docs/PROJECT_FORGE.md,clean_candidate,clean
oracle,/run/media/cash/WD_BLACK_4TB/Cole/Projects/NotEvil/oracle,false,true,candidate_not_selected,"Clean candidate, but not selected for this embed plan.",/run/media/cash/WD_BLACK_4TB/Cole/Projects/NotEvil/oracle/.project-forge.yml,/run/media/cash/WD_BLACK_4TB/Cole/Projects/NotEvil/oracle/docs/PROJECT_FORGE.md,clean_candidate,clean
oracle-codex-lab,/run/media/cash/WD_BLACK_4TB/Cole/Projects/NotEvil/oracle-codex-lab,false,false,blocked_dirty,Repo is dirty; clean or review before embedding.,/run/media/cash/WD_BLACK_4TB/Cole/Projects/NotEvil/oracle-codex-lab/.project-forge.yml,/run/media/cash/WD_BLACK_4TB/Cole/Projects/NotEvil/oracle-codex-lab/docs/PROJECT_FORGE.md,dirty_candidate_review_first,dirty
osint-framework,/run/media/cash/WD_BLACK_4TB/Cole/Projects/OSINT-Framework,false,true,candidate_not_selected,"Clean candidate, but not selected for this embed plan.",/run/media/cash/WD_BLACK_4TB/Cole/Projects/OSINT-Framework/.project-forge.yml,/run/media/cash/WD_BLACK_4TB/Cole/Projects/OSINT-Framework/docs/PROJECT_FORGE.md,clean_candidate,clean
redditbeacon,/run/media/cash/WD_BLACK_4TB/Cole/Projects/RedditBeacon,false,false,blocked_dirty,Repo is dirty; clean or review before embedding.,/run/media/cash/WD_BLACK_4TB/Cole/Projects/RedditBeacon/.project-forge.yml,/run/media/cash/WD_BLACK_4TB/Cole/Projects/RedditBeacon/docs/PROJECT_FORGE.md,unknown_structure,unknown
spiderfoot_peoplesearch,/run/media/cash/WD_BLACK_4TB/Cole/Projects/SpiderFoot_PeopleSearch,false,true,candidate_not_selected,"Clean candidate, but not selected for this embed plan.",/run/media/cash/WD_BLACK_4TB/Cole/Projects/SpiderFoot_PeopleSearch/.project-forge.yml,/run/media/cash/WD_BLACK_4TB/Cole/Projects/SpiderFoot_PeopleSearch/docs/PROJECT_FORGE.md,clean_candidate,clean
steelseries_rgb,/run/media/cash/WD_BLACK_4TB/Cole/Projects/SteelSeries_RGB,false,true,candidate_not_selected,"Clean candidate, but not selected for this embed plan.",/run/media/cash/WD_BLACK_4TB/Cole/Projects/SteelSeries_RGB/.project-forge.yml,/run/media/cash/WD_BLACK_4TB/Cole/Projects/SteelSeries_RGB/docs/PROJECT_FORGE.md,clean_candidate,clean
technical_documents,/run/media/cash/WD_BLACK_4TB/Cole/Projects/Technical_Documents,false,true,candidate_not_selected,"Clean candidate, but not selected for this embed plan.",/run/media/cash/WD_BLACK_4TB/Cole/Projects/Technical_Documents/.project-forge.yml,/run/media/cash/WD_BLACK_4TB/Cole/Projects/Technical_Documents/docs/PROJECT_FORGE.md,clean_candidate,clean
aegis,/run/media/cash/WD_BLACK_4TB/Cole/Projects/aegis,false,true,candidate_not_selected,"Clean candidate, but not selected for this embed plan.",/run/media/cash/WD_BLACK_4TB/Cole/Projects/aegis/.project-forge.yml,/run/media/cash/WD_BLACK_4TB/Cole/Projects/aegis/docs/PROJECT_FORGE.md,clean_candidate,clean
agent-zero,/run/media/cash/WD_BLACK_4TB/Cole/Projects/agent-zero,false,true,candidate_not_selected,"Clean candidate, but not selected for this embed plan.",/run/media/cash/WD_BLACK_4TB/Cole/Projects/agent-zero/.project-forge.yml,/run/media/cash/WD_BLACK_4TB/Cole/Projects/agent-zero/docs/PROJECT_FORGE.md,clean_candidate,clean
cerberus-aegis,/run/media/cash/WD_BLACK_4TB/Cole/Projects/cerberus-aegis,false,true,candidate_not_selected,"Clean candidate, but not selected for this embed plan.",/run/media/cash/WD_BLACK_4TB/Cole/Projects/cerberus-aegis/.project-forge.yml,/run/media/cash/WD_BLACK_4TB/Cole/Projects/cerberus-aegis/docs/PROJECT_FORGE.md,clean_candidate,clean
cerberus-agents,/run/media/cash/WD_BLACK_4TB/Cole/Projects/cerberus-agents,false,true,candidate_not_selected,"Clean candidate, but not selected for this embed plan.",/run/media/cash/WD_BLACK_4TB/Cole/Projects/cerberus-agents/.project-forge.yml,/run/media/cash/WD_BLACK_4TB/Cole/Projects/cerberus-agents/docs/PROJECT_FORGE.md,clean_candidate,clean
cerberus-command,/run/media/cash/WD_BLACK_4TB/Cole/Projects/cerberus-command,false,true,candidate_not_selected,"Clean candidate, but not selected for this embed plan.",/run/media/cash/WD_BLACK_4TB/Cole/Projects/cerberus-command/.project-forge.yml,/run/media/cash/WD_BLACK_4TB/Cole/Projects/cerberus-command/docs/PROJECT_FORGE.md,clean_candidate,clean
cerberus-eyes-on,/run/media/cash/WD_BLACK_4TB/Cole/Projects/cerberus-eyes-on,false,true,candidate_not_selected,"Clean candidate, but not selected for this embed plan.",/run/media/cash/WD_BLACK_4TB/Cole/Projects/cerberus-eyes-on/.project-forge.yml,/run/media/cash/WD_BLACK_4TB/Cole/Projects/cerberus-eyes-on/docs/PROJECT_FORGE.md,clean_candidate,clean
cerberus-mgm-boot,/run/media/cash/WD_BLACK_4TB/Cole/Projects/cerberus-mgm-boot,false,true,candidate_not_selected,"Clean candidate, but not selected for this embed plan.",/run/media/cash/WD_BLACK_4TB/Cole/Projects/cerberus-mgm-boot/.project-forge.yml,/run/media/cash/WD_BLACK_4TB/Cole/Projects/cerberus-mgm-boot/docs/PROJECT_FORGE.md,clean_candidate,clean
cerberus-project,/run/media/cash/WD_BLACK_4TB/Cole/Projects/cerberus-project,false,true,candidate_not_selected,"Clean candidate, but not selected for this embed plan.",/run/media/cash/WD_BLACK_4TB/Cole/Projects/cerberus-project/.project-forge.yml,/run/media/cash/WD_BLACK_4TB/Cole/Projects/cerberus-project/docs/PROJECT_FORGE.md,clean_candidate,clean
cerberus-recon,/run/media/cash/WD_BLACK_4TB/Cole/Projects/cerberus-recon,false,true,candidate_not_selected,"Clean candidate, but not selected for this embed plan.",/run/media/cash/WD_BLACK_4TB/Cole/Projects/cerberus-recon/.project-forge.yml,/run/media/cash/WD_BLACK_4TB/Cole/Projects/cerberus-recon/docs/PROJECT_FORGE.md,clean_candidate,clean
cerberus-vault,/run/media/cash/WD_BLACK_4TB/Cole/Projects/cerberus-vault,false,true,candidate_not_selected,"Clean candidate, but not selected for this embed plan.",/run/media/cash/WD_BLACK_4TB/Cole/Projects/cerberus-vault/.project-forge.yml,/run/media/cash/WD_BLACK_4TB/Cole/Projects/cerberus-vault/docs/PROJECT_FORGE.md,clean_candidate,clean
cerberus-watch,/run/media/cash/WD_BLACK_4TB/Cole/Projects/cerberus-watch,false,true,candidate_not_selected,"Clean candidate, but not selected for this embed plan.",/run/media/cash/WD_BLACK_4TB/Cole/Projects/cerberus-watch/.project-forge.yml,/run/media/cash/WD_BLACK_4TB/Cole/Projects/cerberus-watch/docs/PROJECT_FORGE.md,clean_candidate,clean
cerberus_case_workspace,/run/media/cash/WD_BLACK_4TB/Cole/Projects/cerberus_case_workspace,false,false,blocked_dirty,Repo is dirty; clean or review before embedding.,/run/media/cash/WD_BLACK_4TB/Cole/Projects/cerberus_case_workspace/.project-forge.yml,/run/media/cash/WD_BLACK_4TB/Cole/Projects/cerberus_case_workspace/docs/PROJECT_FORGE.md,dirty_candidate_review_first,dirty
chaos-control-bridge,/run/media/cash/WD_BLACK_4TB/Cole/Projects/chaos-control-bridge,false,true,candidate_not_selected,"Clean candidate, but not selected for this embed plan.",/run/media/cash/WD_BLACK_4TB/Cole/Projects/chaos-control-bridge/.project-forge.yml,/run/media/cash/WD_BLACK_4TB/Cole/Projects/chaos-control-bridge/docs/PROJECT_FORGE.md,clean_candidate,clean
chashgram.nicegram,/run/media/cash/WD_BLACK_4TB/Cole/Projects/chashgram.nicegram,false,true,candidate_not_selected,"Clean candidate, but not selected for this embed plan.",/run/media/cash/WD_BLACK_4TB/Cole/Projects/chashgram.nicegram/.project-forge.yml,/run/media/cash/WD_BLACK_4TB/Cole/Projects/chashgram.nicegram/docs/PROJECT_FORGE.md,clean_candidate,clean
cloudfuse,/run/media/cash/WD_BLACK_4TB/Cole/Projects/cloudfuse,false,true,candidate_not_selected,"Clean candidate, but not selected for this embed plan.",/run/media/cash/WD_BLACK_4TB/Cole/Projects/cloudfuse/.project-forge.yml,/run/media/cash/WD_BLACK_4TB/Cole/Projects/cloudfuse/docs/PROJECT_FORGE.md,clean_candidate,clean
android_device_google_laguna,/run/media/cash/WD_BLACK_4TB/Cole/Projects/crdroid/android_device_google_laguna,false,true,candidate_not_selected,"Clean candidate, but not selected for this embed plan.",/run/media/cash/WD_BLACK_4TB/Cole/Projects/crdroid/android_device_google_laguna/.project-forge.yml,/run/media/cash/WD_BLACK_4TB/Cole/Projects/crdroid/android_device_google_laguna/docs/PROJECT_FORGE.md,clean_candidate,clean
android_device_google_mustang,/run/media/cash/WD_BLACK_4TB/Cole/Projects/crdroid/android_device_google_mustang,false,true,candidate_not_selected,"Clean candidate, but not selected for this embed plan.",/run/media/cash/WD_BLACK_4TB/Cole/Projects/crdroid/android_device_google_mustang/.project-forge.yml,/run/media/cash/WD_BLACK_4TB/Cole/Projects/crdroid/android_device_google_mustang/docs/PROJECT_FORGE.md,clean_candidate,clean
android_device_google_muzel,/run/media/cash/WD_BLACK_4TB/Cole/Projects/crdroid/android_device_google_muzel,false,true,candidate_not_selected,"Clean candidate, but not selected for this embed plan.",/run/media/cash/WD_BLACK_4TB/Cole/Projects/crdroid/android_device_google_muzel/.project-forge.yml,/run/media/cash/WD_BLACK_4TB/Cole/Projects/crdroid/android_device_google_muzel/docs/PROJECT_FORGE.md,clean_candidate,clean
android_device_google_muzel-kernels,/run/media/cash/WD_BLACK_4TB/Cole/Projects/crdroid/android_device_google_muzel-kernels,false,true,candidate_not_selected,"Clean candidate, but not selected for this embed plan.",/run/media/cash/WD_BLACK_4TB/Cole/Projects/crdroid/android_device_google_muzel-kernels/.project-forge.yml,/run/media/cash/WD_BLACK_4TB/Cole/Projects/crdroid/android_device_google_muzel-kernels/docs/PROJECT_FORGE.md,clean_candidate,clean
android_manifest,/run/media/cash/WD_BLACK_4TB/Cole/Projects/crdroid/android_manifest,false,true,candidate_not_selected,"Clean candidate, but not selected for this embed plan.",/run/media/cash/WD_BLACK_4TB/Cole/Projects/crdroid/android_manifest/.project-forge.yml,/run/media/cash/WD_BLACK_4TB/Cole/Projects/crdroid/android_manifest/docs/PROJECT_FORGE.md,clean_candidate,clean
android_vendor_addons,/run/media/cash/WD_BLACK_4TB/Cole/Projects/crdroid/android_vendor_addons,false,true,candidate_not_selected,"Clean candidate, but not selected for this embed plan.",/run/media/cash/WD_BLACK_4TB/Cole/Projects/crdroid/android_vendor_addons/.project-forge.yml,/run/media/cash/WD_BLACK_4TB/Cole/Projects/crdroid/android_vendor_addons/docs/PROJECT_FORGE.md,clean_candidate,clean
android_vendor_crdroid,/run/media/cash/WD_BLACK_4TB/Cole/Projects/crdroid/android_vendor_crdroid,false,true,candidate_not_selected,"Clean candidate, but not selected for this embed plan.",/run/media/cash/WD_BLACK_4TB/Cole/Projects/crdroid/android_vendor_crdroid/.project-forge.yml,/run/media/cash/WD_BLACK_4TB/Cole/Projects/crdroid/android_vendor_crdroid/docs/PROJECT_FORGE.md,clean_candidate,clean
desktop-tutorial,/run/media/cash/WD_BLACK_4TB/Cole/Projects/desktop-tutorial,false,false,blocked_dirty,Repo is dirty; clean or review before embedding.,/run/media/cash/WD_BLACK_4TB/Cole/Projects/desktop-tutorial/.project-forge.yml,/run/media/cash/WD_BLACK_4TB/Cole/Projects/desktop-tutorial/docs/PROJECT_FORGE.md,unknown_structure,unknown
djfiddlesticks-music-console,/run/media/cash/WD_BLACK_4TB/Cole/Projects/djfiddlesticks-music-console,false,true,candidate_not_selected,"Clean candidate, but not selected for this embed plan.",/run/media/cash/WD_BLACK_4TB/Cole/Projects/djfiddlesticks-music-console/.project-forge.yml,/run/media/cash/WD_BLACK_4TB/Cole/Projects/djfiddlesticks-music-console/docs/PROJECT_FORGE.md,clean_candidate,clean
djfiddlesticks-ops,/run/media/cash/WD_BLACK_4TB/Cole/Projects/djfiddlesticks-ops,false,true,candidate_not_selected,"Clean candidate, but not selected for this embed plan.",/run/media/cash/WD_BLACK_4TB/Cole/Projects/djfiddlesticks-ops/.project-forge.yml,/run/media/cash/WD_BLACK_4TB/Cole/Projects/djfiddlesticks-ops/docs/PROJECT_FORGE.md,clean_candidate,clean
djfiddlesticks-radio-tracker,/run/media/cash/WD_BLACK_4TB/Cole/Projects/djfiddlesticks-radio-tracker,false,true,candidate_not_selected,"Clean candidate, but not selected for this embed plan.",/run/media/cash/WD_BLACK_4TB/Cole/Projects/djfiddlesticks-radio-tracker/.project-forge.yml,/run/media/cash/WD_BLACK_4TB/Cole/Projects/djfiddlesticks-radio-tracker/docs/PROJECT_FORGE.md,clean_candidate,clean
djfiddlesticks-website,/run/media/cash/WD_BLACK_4TB/Cole/Projects/djfiddlesticks-website,false,true,candidate_not_selected,"Clean candidate, but not selected for this embed plan.",/run/media/cash/WD_BLACK_4TB/Cole/Projects/djfiddlesticks-website/.project-forge.yml,/run/media/cash/WD_BLACK_4TB/Cole/Projects/djfiddlesticks-website/docs/PROJECT_FORGE.md,clean_candidate,clean
emergency-audio-transcriber,/run/media/cash/WD_BLACK_4TB/Cole/Projects/emergency-audio-transcriber,false,false,blocked_dirty,Repo is dirty; clean or review before embedding.,/run/media/cash/WD_BLACK_4TB/Cole/Projects/emergency-audio-transcriber/.project-forge.yml,/run/media/cash/WD_BLACK_4TB/Cole/Projects/emergency-audio-transcriber/docs/PROJECT_FORGE.md,dirty_candidate_review_first,dirty
endgame,/run/media/cash/WD_BLACK_4TB/Cole/Projects/endgame,false,true,candidate_not_selected,"Clean candidate, but not selected for this embed plan.",/run/media/cash/WD_BLACK_4TB/Cole/Projects/endgame/.project-forge.yml,/run/media/cash/WD_BLACK_4TB/Cole/Projects/endgame/docs/PROJECT_FORGE.md,clean_candidate,clean
endgame-arcade,/run/media/cash/WD_BLACK_4TB/Cole/Projects/endgame-arcade,false,true,candidate_not_selected,"Clean candidate, but not selected for this embed plan.",/run/media/cash/WD_BLACK_4TB/Cole/Projects/endgame-arcade/.project-forge.yml,/run/media/cash/WD_BLACK_4TB/Cole/Projects/endgame-arcade/docs/PROJECT_FORGE.md,clean_candidate,clean
endgame-diagrams,/run/media/cash/WD_BLACK_4TB/Cole/Projects/endgame-diagrams,false,true,candidate_not_selected,"Clean candidate, but not selected for this embed plan.",/run/media/cash/WD_BLACK_4TB/Cole/Projects/endgame-diagrams/.project-forge.yml,/run/media/cash/WD_BLACK_4TB/Cole/Projects/endgame-diagrams/docs/PROJECT_FORGE.md,clean_candidate,clean
endgame-health-bridge,/run/media/cash/WD_BLACK_4TB/Cole/Projects/endgame-health-bridge,false,false,blocked_dirty,Repo is dirty; clean or review before embedding.,/run/media/cash/WD_BLACK_4TB/Cole/Projects/endgame-health-bridge/.project-forge.yml,/run/media/cash/WD_BLACK_4TB/Cole/Projects/endgame-health-bridge/docs/PROJECT_FORGE.md,dirty_candidate_review_first,dirty
endgame-solutions__cerberus-recon,/run/media/cash/WD_BLACK_4TB/Cole/Projects/endgame-solutions__cerberus-recon,false,true,candidate_not_selected,"Clean candidate, but not selected for this embed plan.",/run/media/cash/WD_BLACK_4TB/Cole/Projects/endgame-solutions__cerberus-recon/.project-forge.yml,/run/media/cash/WD_BLACK_4TB/Cole/Projects/endgame-solutions__cerberus-recon/docs/PROJECT_FORGE.md,clean_candidate,clean
endgame-website,/run/media/cash/WD_BLACK_4TB/Cole/Projects/endgame-website,false,true,candidate_not_selected,"Clean candidate, but not selected for this embed plan.",/run/media/cash/WD_BLACK_4TB/Cole/Projects/endgame-website/.project-forge.yml,/run/media/cash/WD_BLACK_4TB/Cole/Projects/endgame-website/docs/PROJECT_FORGE.md,clean_candidate,clean
endgametraining,/run/media/cash/WD_BLACK_4TB/Cole/Projects/endgametraining,false,true,candidate_not_selected,"Clean candidate, but not selected for this embed plan.",/run/media/cash/WD_BLACK_4TB/Cole/Projects/endgametraining/.project-forge.yml,/run/media/cash/WD_BLACK_4TB/Cole/Projects/endgametraining/docs/PROJECT_FORGE.md,clean_candidate,clean
espanso-snippets,/run/media/cash/WD_BLACK_4TB/Cole/Projects/espanso-snippets,false,true,candidate_not_selected,"Clean candidate, but not selected for this embed plan.",/run/media/cash/WD_BLACK_4TB/Cole/Projects/espanso-snippets/.project-forge.yml,/run/media/cash/WD_BLACK_4TB/Cole/Projects/espanso-snippets/docs/PROJECT_FORGE.md,clean_candidate,clean
fiddlesticks-stage,/run/media/cash/WD_BLACK_4TB/Cole/Projects/fiddlesticks-stage,false,true,candidate_not_selected,"Clean candidate, but not selected for this embed plan.",/run/media/cash/WD_BLACK_4TB/Cole/Projects/fiddlesticks-stage/.project-forge.yml,/run/media/cash/WD_BLACK_4TB/Cole/Projects/fiddlesticks-stage/docs/PROJECT_FORGE.md,clean_candidate,clean
forge-os-endgame-edition,/run/media/cash/WD_BLACK_4TB/Cole/Projects/forge-os-endgame-edition,false,true,candidate_not_selected,"Clean candidate, but not selected for this embed plan.",/run/media/cash/WD_BLACK_4TB/Cole/Projects/forge-os-endgame-edition/.project-forge.yml,/run/media/cash/WD_BLACK_4TB/Cole/Projects/forge-os-endgame-edition/docs/PROJECT_FORGE.md,clean_candidate,clean
foundations-of-git-exercise-repo,/run/media/cash/WD_BLACK_4TB/Cole/Projects/foundations-of-git-exercise-repo,false,true,candidate_not_selected,"Clean candidate, but not selected for this embed plan.",/run/media/cash/WD_BLACK_4TB/Cole/Projects/foundations-of-git-exercise-repo/.project-forge.yml,/run/media/cash/WD_BLACK_4TB/Cole/Projects/foundations-of-git-exercise-repo/docs/PROJECT_FORGE.md,clean_candidate,clean
gradle,/run/media/cash/WD_BLACK_4TB/Cole/Projects/gradle,false,true,candidate_not_selected,"Clean candidate, but not selected for this embed plan.",/run/media/cash/WD_BLACK_4TB/Cole/Projects/gradle/.project-forge.yml,/run/media/cash/WD_BLACK_4TB/Cole/Projects/gradle/docs/PROJECT_FORGE.md,clean_candidate,clean
hello-world,/run/media/cash/WD_BLACK_4TB/Cole/Projects/hello-world,false,true,candidate_not_selected,"Clean candidate, but not selected for this embed plan.",/run/media/cash/WD_BLACK_4TB/Cole/Projects/hello-world/.project-forge.yml,/run/media/cash/WD_BLACK_4TB/Cole/Projects/hello-world/docs/PROJECT_FORGE.md,clean_candidate,clean
homelab-nixos-config,/run/media/cash/WD_BLACK_4TB/Cole/Projects/homelab-nixos-config,false,true,candidate_not_selected,"Clean candidate, but not selected for this embed plan.",/run/media/cash/WD_BLACK_4TB/Cole/Projects/homelab-nixos-config/.project-forge.yml,/run/media/cash/WD_BLACK_4TB/Cole/Projects/homelab-nixos-config/docs/PROJECT_FORGE.md,clean_candidate,clean
main-vault,/run/media/cash/WD_BLACK_4TB/Cole/Projects/main-vault,false,true,candidate_not_selected,"Clean candidate, but not selected for this embed plan.",/run/media/cash/WD_BLACK_4TB/Cole/Projects/main-vault/.project-forge.yml,/run/media/cash/WD_BLACK_4TB/Cole/Projects/main-vault/docs/PROJECT_FORGE.md,clean_candidate,clean
marioncounty-weather-wise,/run/media/cash/WD_BLACK_4TB/Cole/Projects/marioncounty-weather-wise,false,true,candidate_not_selected,"Clean candidate, but not selected for this embed plan.",/run/media/cash/WD_BLACK_4TB/Cole/Projects/marioncounty-weather-wise/.project-forge.yml,/run/media/cash/WD_BLACK_4TB/Cole/Projects/marioncounty-weather-wise/docs/PROJECT_FORGE.md,clean_candidate,clean
mavrakis,/run/media/cash/WD_BLACK_4TB/Cole/Projects/mavrakis,false,true,candidate_not_selected,"Clean candidate, but not selected for this embed plan.",/run/media/cash/WD_BLACK_4TB/Cole/Projects/mavrakis/.project-forge.yml,/run/media/cash/WD_BLACK_4TB/Cole/Projects/mavrakis/docs/PROJECT_FORGE.md,clean_candidate,clean
media-dedupe,/run/media/cash/WD_BLACK_4TB/Cole/Projects/media-dedupe,false,true,candidate_not_selected,"Clean candidate, but not selected for this embed plan.",/run/media/cash/WD_BLACK_4TB/Cole/Projects/media-dedupe/.project-forge.yml,/run/media/cash/WD_BLACK_4TB/Cole/Projects/media-dedupe/docs/PROJECT_FORGE.md,clean_candidate,clean
my-tools,/run/media/cash/WD_BLACK_4TB/Cole/Projects/my-tools,false,true,candidate_not_selected,"Clean candidate, but not selected for this embed plan.",/run/media/cash/WD_BLACK_4TB/Cole/Projects/my-tools/.project-forge.yml,/run/media/cash/WD_BLACK_4TB/Cole/Projects/my-tools/docs/PROJECT_FORGE.md,clean_candidate,clean
neon-district,/run/media/cash/WD_BLACK_4TB/Cole/Projects/neon-district,true,false,already_embedded,Project Forge marker already present.,/run/media/cash/WD_BLACK_4TB/Cole/Projects/neon-district/.project-forge.yml,/run/media/cash/WD_BLACK_4TB/Cole/Projects/neon-district/docs/PROJECT_FORGE.md,known_embedded,clean
nothing-phone-3-nethunter,/run/media/cash/WD_BLACK_4TB/Cole/Projects/nothing-phone-3-nethunter,false,false,blocked_dirty,Repo is dirty; clean or review before embedding.,/run/media/cash/WD_BLACK_4TB/Cole/Projects/nothing-phone-3-nethunter/.project-forge.yml,/run/media/cash/WD_BLACK_4TB/Cole/Projects/nothing-phone-3-nethunter/docs/PROJECT_FORGE.md,dirty_candidate_review_first,dirty
openclaw-workspace,/run/media/cash/WD_BLACK_4TB/Cole/Projects/openclaw-workspace,false,true,candidate_not_selected,"Clean candidate, but not selected for this embed plan.",/run/media/cash/WD_BLACK_4TB/Cole/Projects/openclaw-workspace/.project-forge.yml,/run/media/cash/WD_BLACK_4TB/Cole/Projects/openclaw-workspace/docs/PROJECT_FORGE.md,clean_candidate,clean
oren,/run/media/cash/WD_BLACK_4TB/Cole/Projects/oren,false,true,candidate_not_selected,"Clean candidate, but not selected for this embed plan.",/run/media/cash/WD_BLACK_4TB/Cole/Projects/oren/.project-forge.yml,/run/media/cash/WD_BLACK_4TB/Cole/Projects/oren/docs/PROJECT_FORGE.md,clean_candidate,clean
pixel-9-pro-xl-twrp-experiment,/run/media/cash/WD_BLACK_4TB/Cole/Projects/pixel-9-pro-xl-TWRP-experiment,false,true,candidate_not_selected,"Clean candidate, but not selected for this embed plan.",/run/media/cash/WD_BLACK_4TB/Cole/Projects/pixel-9-pro-xl-TWRP-experiment/.project-forge.yml,/run/media/cash/WD_BLACK_4TB/Cole/Projects/pixel-9-pro-xl-TWRP-experiment/docs/PROJECT_FORGE.md,clean_candidate,clean
pixel-dual-esim-diagnostics,/run/media/cash/WD_BLACK_4TB/Cole/Projects/pixel-dual-esim-diagnostics,false,true,candidate_not_selected,"Clean candidate, but not selected for this embed plan.",/run/media/cash/WD_BLACK_4TB/Cole/Projects/pixel-dual-esim-diagnostics/.project-forge.yml,/run/media/cash/WD_BLACK_4TB/Cole/Projects/pixel-dual-esim-diagnostics/docs/PROJECT_FORGE.md,clean_candidate,clean
project-forge-registry,/run/media/cash/WD_BLACK_4TB/Cole/Projects/project-forge-registry,false,false,skip_control_repo,Project Forge control repo should not embed into itself automatically.,/run/media/cash/WD_BLACK_4TB/Cole/Projects/project-forge-registry/.project-forge.yml,/run/media/cash/WD_BLACK_4TB/Cole/Projects/project-forge-registry/docs/PROJECT_FORGE.md,control_repo,dirty
project_katrina,/run/media/cash/WD_BLACK_4TB/Cole/Projects/project_katrina,false,false,blocked_dirty,Repo is dirty; clean or review before embedding.,/run/media/cash/WD_BLACK_4TB/Cole/Projects/project_katrina/.project-forge.yml,/run/media/cash/WD_BLACK_4TB/Cole/Projects/project_katrina/docs/PROJECT_FORGE.md,dirty_candidate_review_first,dirty
proton-pass-vault-janitor,/run/media/cash/WD_BLACK_4TB/Cole/Projects/proton-pass-vault-janitor,true,false,already_embedded,Project Forge marker already present.,/run/media/cash/WD_BLACK_4TB/Cole/Projects/proton-pass-vault-janitor/.project-forge.yml,/run/media/cash/WD_BLACK_4TB/Cole/Projects/proton-pass-vault-janitor/docs/PROJECT_FORGE.md,known_embedded,clean
pwa-icon-organizer-creator,/run/media/cash/WD_BLACK_4TB/Cole/Projects/pwa-icon-organizer-creator,true,false,already_embedded,Project Forge marker already present.,/run/media/cash/WD_BLACK_4TB/Cole/Projects/pwa-icon-organizer-creator/.project-forge.yml,/run/media/cash/WD_BLACK_4TB/Cole/Projects/pwa-icon-organizer-creator/docs/PROJECT_FORGE.md,known_embedded,clean
recon,/run/media/cash/WD_BLACK_4TB/Cole/Projects/recon,false,false,blocked_dirty,Repo is dirty; clean or review before embedding.,/run/media/cash/WD_BLACK_4TB/Cole/Projects/recon/.project-forge.yml,/run/media/cash/WD_BLACK_4TB/Cole/Projects/recon/docs/PROJECT_FORGE.md,unknown_structure,unknown
recon-nixos-config,/run/media/cash/WD_BLACK_4TB/Cole/Projects/recon-nixos-config,false,true,candidate_not_selected,"Clean candidate, but not selected for this embed plan.",/run/media/cash/WD_BLACK_4TB/Cole/Projects/recon-nixos-config/.project-forge.yml,/run/media/cash/WD_BLACK_4TB/Cole/Projects/recon-nixos-config/docs/PROJECT_FORGE.md,clean_candidate,clean
secure-edit-flow,/run/media/cash/WD_BLACK_4TB/Cole/Projects/secure-edit-flow,false,true,candidate_not_selected,"Clean candidate, but not selected for this embed plan.",/run/media/cash/WD_BLACK_4TB/Cole/Projects/secure-edit-flow/.project-forge.yml,/run/media/cash/WD_BLACK_4TB/Cole/Projects/secure-edit-flow/docs/PROJECT_FORGE.md,clean_candidate,clean
this-was-avoidable,/run/media/cash/WD_BLACK_4TB/Cole/Projects/this-was-avoidable,false,true,candidate_not_selected,"Clean candidate, but not selected for this embed plan.",/run/media/cash/WD_BLACK_4TB/Cole/Projects/this-was-avoidable/.project-forge.yml,/run/media/cash/WD_BLACK_4TB/Cole/Projects/this-was-avoidable/docs/PROJECT_FORGE.md,clean_candidate,clean
tidal-hifi,/run/media/cash/WD_BLACK_4TB/Cole/Projects/tidal-hifi,false,true,candidate_not_selected,"Clean candidate, but not selected for this embed plan.",/run/media/cash/WD_BLACK_4TB/Cole/Projects/tidal-hifi/.project-forge.yml,/run/media/cash/WD_BLACK_4TB/Cole/Projects/tidal-hifi/docs/PROJECT_FORGE.md,clean_candidate,clean
wraith,/run/media/cash/WD_BLACK_4TB/Cole/Projects/wraith,false,true,candidate_not_selected,"Clean candidate, but not selected for this embed plan.",/run/media/cash/WD_BLACK_4TB/Cole/Projects/wraith/.project-forge.yml,/run/media/cash/WD_BLACK_4TB/Cole/Projects/wraith/docs/PROJECT_FORGE.md,clean_candidate,clean
your-video-guru,/run/media/cash/WD_BLACK_4TB/Cole/Projects/your-video-guru,false,true,candidate_not_selected,"Clean candidate, but not selected for this embed plan.",/run/media/cash/WD_BLACK_4TB/Cole/Projects/your-video-guru/.project-forge.yml,/run/media/cash/WD_BLACK_4TB/Cole/Projects/your-video-guru/docs/PROJECT_FORGE.md,clean_candidate,clean
