slug,path,git_status,has_readme,has_agents,has_code_workspace,has_project_forge_marker,remote_count,category
nixos,/etc/nixos,dirty,false,false,false,false,1,dirty_candidate_review_first
01-website-brand,/run/media/cash/WD_BLACK_4TB/Cole/Projects/01-website-brand,clean,false,false,false,false,2,clean_candidate
archived-notevil-neon-district,/run/media/cash/WD_BLACK_4TB/Cole/Projects/ARCHIVED-NotEvil-neon-district,clean,true,false,false,true,1,known_embedded
argus,/run/media/cash/WD_BLACK_4TB/Cole/Projects/Argus,clean,true,false,false,false,2,clean_candidate
cerberus,/run/media/cash/WD_BLACK_4TB/Cole/Projects/Cerberus,clean,true,false,false,false,2,protected_manual_review
commandboard,/run/media/cash/WD_BLACK_4TB/Cole/Projects/CommandBoard,clean,true,false,false,false,2,clean_candidate
corecivic-ops,/run/media/cash/WD_BLACK_4TB/Cole/Projects/CoreCivic-Ops,clean,true,false,false,false,2,clean_candidate
creeperbot5000,/run/media/cash/WD_BLACK_4TB/Cole/Projects/CreeperBot5000,clean,false,false,false,false,2,clean_candidate
dj_request_system,/run/media/cash/WD_BLACK_4TB/Cole/Projects/DJ_request_system,clean,true,false,false,false,2,clean_candidate
endgame-consultation,/run/media/cash/WD_BLACK_4TB/Cole/Projects/Endgame-Consultation,clean,true,false,false,false,2,clean_candidate
ig-detective,/run/media/cash/WD_BLACK_4TB/Cole/Projects/IG-Detective,clean,true,false,false,false,2,clean_candidate
mygirlgpt,/run/media/cash/WD_BLACK_4TB/Cole/Projects/MyGirlGPT,clean,true,false,false,false,2,clean_candidate
oracle,/run/media/cash/WD_BLACK_4TB/Cole/Projects/NotEvil/oracle,clean,true,true,false,false,1,clean_candidate
oracle-codex-lab,/run/media/cash/WD_BLACK_4TB/Cole/Projects/NotEvil/oracle-codex-lab,dirty,true,true,false,false,1,dirty_candidate_review_first
osint-framework,/run/media/cash/WD_BLACK_4TB/Cole/Projects/OSINT-Framework,clean,true,false,false,false,2,clean_candidate
redditbeacon,/run/media/cash/WD_BLACK_4TB/Cole/Projects/RedditBeacon,unknown,false,false,false,false,0,unknown_structure
spiderfoot_peoplesearch,/run/media/cash/WD_BLACK_4TB/Cole/Projects/SpiderFoot_PeopleSearch,clean,true,false,false,false,2,clean_candidate
steelseries_rgb,/run/media/cash/WD_BLACK_4TB/Cole/Projects/SteelSeries_RGB,clean,true,false,false,false,2,clean_candidate
technical_documents,/run/media/cash/WD_BLACK_4TB/Cole/Projects/Technical_Documents,clean,true,false,false,false,2,clean_candidate
aegis,/run/media/cash/WD_BLACK_4TB/Cole/Projects/aegis,clean,true,false,false,false,2,clean_candidate
agent-zero,/run/media/cash/WD_BLACK_4TB/Cole/Projects/agent-zero,clean,true,true,false,false,1,clean_candidate
cerberus-aegis,/run/media/cash/WD_BLACK_4TB/Cole/Projects/cerberus-aegis,clean,true,false,false,false,2,protected_manual_review
cerberus-agents,/run/media/cash/WD_BLACK_4TB/Cole/Projects/cerberus-agents,clean,true,false,false,false,2,protected_manual_review
cerberus-command,/run/media/cash/WD_BLACK_4TB/Cole/Projects/cerberus-command,clean,true,false,false,false,2,protected_manual_review
cerberus-eyes-on,/run/media/cash/WD_BLACK_4TB/Cole/Projects/cerberus-eyes-on,clean,true,false,false,false,1,protected_manual_review
cerberus-mgm-boot,/run/media/cash/WD_BLACK_4TB/Cole/Projects/cerberus-mgm-boot,clean,true,false,false,false,1,protected_manual_review
cerberus-project,/run/media/cash/WD_BLACK_4TB/Cole/Projects/cerberus-project,clean,true,false,false,false,2,protected_manual_review
cerberus-recon,/run/media/cash/WD_BLACK_4TB/Cole/Projects/cerberus-recon,clean,false,false,false,false,2,protected_manual_review
cerberus-vault,/run/media/cash/WD_BLACK_4TB/Cole/Projects/cerberus-vault,clean,false,false,false,false,2,protected_manual_review
cerberus-watch,/run/media/cash/WD_BLACK_4TB/Cole/Projects/cerberus-watch,clean,true,false,false,false,2,protected_manual_review
cerberus_case_workspace,/run/media/cash/WD_BLACK_4TB/Cole/Projects/cerberus_case_workspace,clean,true,false,false,false,2,protected_manual_review
chashgram.nicegram,/run/media/cash/WD_BLACK_4TB/Cole/Projects/chashgram.nicegram,clean,true,false,false,false,2,clean_candidate
cloudfuse,/run/media/cash/WD_BLACK_4TB/Cole/Projects/cloudfuse,clean,true,false,false,false,2,clean_candidate
android_device_google_laguna,/run/media/cash/WD_BLACK_4TB/Cole/Projects/crdroid/android_device_google_laguna,clean,false,false,false,false,1,clean_candidate
android_device_google_mustang,/run/media/cash/WD_BLACK_4TB/Cole/Projects/crdroid/android_device_google_mustang,clean,true,false,false,false,1,clean_candidate
android_device_google_muzel,/run/media/cash/WD_BLACK_4TB/Cole/Projects/crdroid/android_device_google_muzel,clean,false,false,false,false,1,clean_candidate
android_device_google_muzel-kernels,/run/media/cash/WD_BLACK_4TB/Cole/Projects/crdroid/android_device_google_muzel-kernels,clean,false,false,false,false,1,clean_candidate
android_manifest,/run/media/cash/WD_BLACK_4TB/Cole/Projects/crdroid/android_manifest,clean,true,false,false,false,1,clean_candidate
android_vendor_addons,/run/media/cash/WD_BLACK_4TB/Cole/Projects/crdroid/android_vendor_addons,clean,false,false,false,false,1,clean_candidate
android_vendor_crdroid,/run/media/cash/WD_BLACK_4TB/Cole/Projects/crdroid/android_vendor_crdroid,clean,true,false,false,false,1,clean_candidate
desktop-tutorial,/run/media/cash/WD_BLACK_4TB/Cole/Projects/desktop-tutorial,unknown,false,false,false,false,0,unknown_structure
djfiddlesticks-music-console,/run/media/cash/WD_BLACK_4TB/Cole/Projects/djfiddlesticks-music-console,clean,true,false,false,false,1,clean_candidate
djfiddlesticks-ops,/run/media/cash/WD_BLACK_4TB/Cole/Projects/djfiddlesticks-ops,clean,true,false,false,false,1,clean_candidate
djfiddlesticks-radio-tracker,/run/media/cash/WD_BLACK_4TB/Cole/Projects/djfiddlesticks-radio-tracker,clean,true,false,false,false,2,clean_candidate
djfiddlesticks-website,/run/media/cash/WD_BLACK_4TB/Cole/Projects/djfiddlesticks-website,clean,true,false,false,false,2,clean_candidate
emergency-audio-transcriber,/run/media/cash/WD_BLACK_4TB/Cole/Projects/emergency-audio-transcriber,dirty,true,false,false,false,0,dirty_candidate_review_first
endgame,/run/media/cash/WD_BLACK_4TB/Cole/Projects/endgame,clean,true,false,false,false,2,clean_candidate
endgame-arcade,/run/media/cash/WD_BLACK_4TB/Cole/Projects/endgame-arcade,clean,false,false,false,false,1,clean_candidate
endgame-diagrams,/run/media/cash/WD_BLACK_4TB/Cole/Projects/endgame-diagrams,clean,true,false,false,false,2,clean_candidate
endgame-health-bridge,/run/media/cash/WD_BLACK_4TB/Cole/Projects/endgame-health-bridge,dirty,true,false,false,false,0,dirty_candidate_review_first
endgame-solutions__cerberus-recon,/run/media/cash/WD_BLACK_4TB/Cole/Projects/endgame-solutions__cerberus-recon,clean,true,false,false,false,2,protected_manual_review
endgame-website,/run/media/cash/WD_BLACK_4TB/Cole/Projects/endgame-website,clean,true,false,false,false,2,clean_candidate
endgametraining,/run/media/cash/WD_BLACK_4TB/Cole/Projects/endgametraining,clean,true,false,false,false,1,clean_candidate
espanso-snippets,/run/media/cash/WD_BLACK_4TB/Cole/Projects/espanso-snippets,clean,true,false,false,false,2,clean_candidate
fiddlesticks-stage,/run/media/cash/WD_BLACK_4TB/Cole/Projects/fiddlesticks-stage,clean,true,false,false,false,1,clean_candidate
forge-os-endgame-edition,/run/media/cash/WD_BLACK_4TB/Cole/Projects/forge-os-endgame-edition,clean,true,false,false,false,2,clean_candidate
foundations-of-git-exercise-repo,/run/media/cash/WD_BLACK_4TB/Cole/Projects/foundations-of-git-exercise-repo,clean,true,false,false,false,1,clean_candidate
gradle,/run/media/cash/WD_BLACK_4TB/Cole/Projects/gradle,clean,true,false,false,false,2,clean_candidate
hello-world,/run/media/cash/WD_BLACK_4TB/Cole/Projects/hello-world,clean,true,false,false,false,2,clean_candidate
homelab-nixos-config,/run/media/cash/WD_BLACK_4TB/Cole/Projects/homelab-nixos-config,clean,false,false,false,false,1,clean_candidate
main-vault,/run/media/cash/WD_BLACK_4TB/Cole/Projects/main-vault,clean,false,false,false,false,1,clean_candidate
marioncounty-weather-wise,/run/media/cash/WD_BLACK_4TB/Cole/Projects/marioncounty-weather-wise,clean,true,false,false,false,1,clean_candidate
mavrakis,/run/media/cash/WD_BLACK_4TB/Cole/Projects/mavrakis,clean,true,false,false,false,2,clean_candidate
media-dedupe,/run/media/cash/WD_BLACK_4TB/Cole/Projects/media-dedupe,clean,true,false,false,false,2,clean_candidate
my-tools,/run/media/cash/WD_BLACK_4TB/Cole/Projects/my-tools,clean,true,false,false,false,2,clean_candidate
neon-district,/run/media/cash/WD_BLACK_4TB/Cole/Projects/neon-district,clean,true,true,false,true,2,known_embedded
nothing-phone-3-nethunter,/run/media/cash/WD_BLACK_4TB/Cole/Projects/nothing-phone-3-nethunter,dirty,true,false,false,false,0,dirty_candidate_review_first
nothing-sm8735-6.6,/run/media/cash/WD_BLACK_4TB/Cole/Projects/nothing-phone-3-nethunter/vendor/kernel-source/nothing-sm8735-6.6,clean,true,false,false,false,1,clean_candidate
openclaw-workspace,/run/media/cash/WD_BLACK_4TB/Cole/Projects/openclaw-workspace,clean,false,true,false,false,2,clean_candidate
oren,/run/media/cash/WD_BLACK_4TB/Cole/Projects/oren,clean,true,false,false,false,2,clean_candidate
pixel-9-pro-xl-twrp-experiment,/run/media/cash/WD_BLACK_4TB/Cole/Projects/pixel-9-pro-xl-TWRP-experiment,clean,true,false,false,false,2,clean_candidate
project-forge-registry,/run/media/cash/WD_BLACK_4TB/Cole/Projects/project-forge-registry,clean,true,true,false,false,2,control_repo
project_katrina,/run/media/cash/WD_BLACK_4TB/Cole/Projects/project_katrina,dirty,false,false,true,false,2,dirty_candidate_review_first
recon,/run/media/cash/WD_BLACK_4TB/Cole/Projects/recon,unknown,false,false,false,false,0,unknown_structure
recon-nixos-config,/run/media/cash/WD_BLACK_4TB/Cole/Projects/recon-nixos-config,clean,false,false,false,false,2,clean_candidate
secure-edit-flow,/run/media/cash/WD_BLACK_4TB/Cole/Projects/secure-edit-flow,clean,true,false,false,false,2,clean_candidate
test-repo-from-agent,/run/media/cash/WD_BLACK_4TB/Cole/Projects/test-repo-from-agent,clean,true,false,false,false,2,clean_candidate
this-was-avoidable,/run/media/cash/WD_BLACK_4TB/Cole/Projects/this-was-avoidable,clean,true,false,false,false,2,clean_candidate
tidal-hifi,/run/media/cash/WD_BLACK_4TB/Cole/Projects/tidal-hifi,clean,true,false,false,false,2,clean_candidate
wraith,/run/media/cash/WD_BLACK_4TB/Cole/Projects/wraith,clean,true,false,false,false,2,clean_candidate
your-video-guru,/run/media/cash/WD_BLACK_4TB/Cole/Projects/your-video-guru,clean,true,false,false,false,1,clean_candidate
